{
  "name": "Skoringen NO",
  "categories": [
    {
      "id": "women",
      "name": "Damesko"
    },
    {
      "id": "men",
      "name": "Herresko"
    },
    {
      "id": "children",
      "name": "Børnesko"
    }
  ],
  "teasers": [
    {
      "id": "t1",
      "name": "Teaser 1",
      "img": "http://s-d-v.dk/envision/teasers/teaser1.png",
      "logoImg": "http://s-d-v.dk/envision/test_logo.png",
      "splashLine1": "Spar 50%",
      "splashLine2": "399,-"
    },
    {
      "id": "t2",
      "name": "Teaser 2",
      "img": "http://s-d-v.dk/envision/teasers/teaser2.png",
      "logoImg": "http://s-d-v.dk/envision/test_logo.png",
      "splashLine1": "Spar 40%",
      "splashLine2": "419,-"
    },
    {
      "id": "t3",
      "name": "Teaser 3b",
      "img": "http://s-d-v.dk/envision/teasers/teaser3b.png",
      "logoImg": "http://s-d-v.dk/envision/test_logo.png",
      "splashLine1": "Spar 50%",
      "splashLine2": "199,-"
    }
  ],
  "products": [
    {
      "id": "4215150110",
      "name": "4215150110",
      "categories": ["women"],
      "img": "http://s-d-v.dk/envision/no/products/4215150110_1_V.png",
      "thumbImg": "http://s-d-v.dk/envision/no/thumbs/4215150110_1_V.jpg",
      "logoImg": "http://s-d-v.dk/envision/logos/tamaris.png",
      "splashLine1": "Spar",
      "splashLine2": "50%",
      "price": "349,-",
      "desc": "4215150110 · Dame",
      "descAlt": "Normalpris 699,-",
      "href": "http://www.skoringen.no/tamaris-1-1-28388-32.aspx"
    },
    {
      "id": "4255150110",
      "name": "4255150110",
      "categories": ["women"],
      "img": "http://s-d-v.dk/envision/no/products/4255150110_1_V.png",
      "thumbImg": "http://s-d-v.dk/envision/no/thumbs/4255150110_1_V.jpg",
      "logoImg": "http://s-d-v.dk/envision/logos/merrell.png",
      "splashLine1": "Spar",
      "splashLine2": "50%",
      "price": "399,-",
      "desc": "4255150110 · Dame",
      "descAlt": "Normalpris 799,-",
      "href": "http://www.skoringen.no/merrell-sandspur-rose.aspx"
    },
    {
      "id": "4255150180",
      "name": "4255150180",
      "categories": ["women"],
      "img": "http://s-d-v.dk/envision/no/products/4255150180_1_V.png",
      "thumbImg": "http://s-d-v.dk/envision/no/thumbs/4255150180_1_V.jpg",
      "logoImg": "http://s-d-v.dk/envision/logos/merrell.png",
      "splashLine1": "Spar",
      "splashLine2": "50%",
      "price": "399,-",
      "desc": "4255150180 · Dame",
      "descAlt": "Normalpris 799,-",
      "href": "http://www.skoringen.no/merrell-sandspur-rose_1.aspx"
    },
    {
      "id": "7645101021",
      "name": "7645101021",
      "categories": ["women"],
      "img": "http://s-d-v.dk/envision/no/products/7645101021_1_V.png",
      "thumbImg": "http://s-d-v.dk/envision/no/thumbs/7645101021_1_V.jpg",
      "logoImg": "http://s-d-v.dk/envision/logos/cult.png",
      "splashLine1": "Spar",
      "splashLine2": "50%",
      "price": "299,-",
      "desc": "7645101021 · Dame",
      "descAlt": "Normalpris 599,-",
      "href": "http://www.skoringen.no/cult-7645101021.aspx"
    },
    {
      "id": "2455100520",
      "name": "2455100520",
      "categories": ["women"],
      "img": "http://s-d-v.dk/envision/no/products/2455100520_1_V.png",
      "thumbImg": "http://s-d-v.dk/envision/no/thumbs/2455100520_1_V.jpg",
      "logoImg": "http://s-d-v.dk/envision/logos/b-co.png",
      "splashLine1": "Spar",
      "splashLine2": "40%",
      "price": "299,-",
      "desc": "2455100520 · Dame",
      "descAlt": "Normalpris 499,-",
      "href": "http://www.skoringen.no/bco-2455100520.aspx"
    },
    {
      "id": "2455110110",
      "name": "2455110110",
      "categories": ["women"],
      "img": "http://s-d-v.dk/envision/no/products/2455110110_1_V.png",
      "thumbImg": "http://s-d-v.dk/envision/no/thumbs/2455110110_1_V.jpg",
      "logoImg": "http://s-d-v.dk/envision/logos/soft-line.png",
      "splashLine1": "Spar",
      "splashLine2": "40%",
      "price": "359,-",
      "desc": "2455110110 · Dame",
      "descAlt": "Normalpris 599,-",
      "href": "http://www.skoringen.no/jana-8-24661-24.aspx"
    },
    {
      "id": "7425140290",
      "name": "7425140290",
      "categories": ["women"],
      "img": "http://s-d-v.dk/envision/no/products/7425140290_1_V.png",
      "thumbImg": "http://s-d-v.dk/envision/no/thumbs/7425140290_1_V.jpg",
      "logoImg": "http://s-d-v.dk/envision/logos/vagabond.png",
      "splashLine1": "Spar",
      "splashLine2": "45%",
      "price": "301,-",
      "desc": "7425140290 · Dame",
      "descAlt": "Normalpris 549,-",
      "href": "http://www.skoringen.no/vagabond-3744-080_2.aspx"
    },
    {
      "id": "2225150110",
      "name": "2225150110",
      "categories": ["women"],
      "img": "http://s-d-v.dk/envision/no/products/2225150110_1_V.png",
      "thumbImg": "http://s-d-v.dk/envision/no/thumbs/2225150110_1_V.jpg",
      "logoImg": "http://s-d-v.dk/envision/logos/gabor.png",
      "splashLine1": "Spar",
      "splashLine2": "40%",
      "price": "539,-",
      "desc": "2225150110 · Dame",
      "descAlt": "Normalpris 899,-",
      "href": "http://www.skoringen.no/gabor-85-413.aspx"
    },
    {
      "id": "2255123190",
      "name": "2255123190",
      "categories": ["women"],
      "img": "http://s-d-v.dk/envision/no/products/2255123190_1_V.png",
      "thumbImg": "http://s-d-v.dk/envision/no/thumbs/2255123190_1_V.jpg",
      "logoImg": "http://s-d-v.dk/envision/logos/ecco.png",
      "splashLine1": "Spar",
      "splashLine2": "40%",
      "price": "599,-",
      "desc": "2255123190 · Dame",
      "descAlt": "Normalpris 999,-",
      "href": "http://www.skoringen.no/ecco-802143-biom-lite.aspx"
    },
    {
      "id": "2415150110",
      "name": "2415150110",
      "categories": ["women"],
      "img": "http://s-d-v.dk/envision/no/products/2415150110_1_V.png",
      "thumbImg": "http://s-d-v.dk/envision/no/thumbs/2415150110_1_V.jpg",
      "logoImg": "http://s-d-v.dk/envision/logos/ara.png",
      "splashLine1": "Spar",
      "splashLine2": "40%",
      "price": "599,-",
      "desc": "2415150110 · Dame",
      "descAlt": "Normalpris 999,-",
      "href": "http://www.skoringen.no/ara-12-30844.aspx"
    },
    {
      "id": "4215101510",
      "name": "4215101510",
      "categories": ["women"],
      "img": "http://s-d-v.dk/envision/no/products/4215101510_1_V.png",
      "thumbImg": "http://s-d-v.dk/envision/no/thumbs/4215101510_1_V.jpg",
      "logoImg": "http://s-d-v.dk/envision/logos/b-co.png",
      "splashLine1": "Spar",
      "splashLine2": "40%",
      "price": "299,-",
      "desc": "4215101510 · Dame",
      "descAlt": "Normalpris 499,-",
      "href": "http://www.skoringen.no/bco-4215101510.aspx"
    },
    {
      "id": "4215151920",
      "name": "4215151920",
      "categories": ["women"],
      "img": "http://s-d-v.dk/envision/no/products/4215151920_1_V.png",
      "thumbImg": "http://s-d-v.dk/envision/no/thumbs/4215151920_1_V.jpg",
      "logoImg": "http://s-d-v.dk/envision/logos/ara.png",
      "splashLine1": "Spar",
      "splashLine2": "40%",
      "price": "599,-",
      "desc": "4215151920 · Dame",
      "descAlt": "Normalpris 999,-",
      "href": "http://www.skoringen.no/ara-12-37658.aspx"
    },
    {
      "id": "4225101902",
      "name": "4225101902",
      "categories": ["women"],
      "img": "http://s-d-v.dk/envision/no/products/4225101902_1_V.png",
      "thumbImg": "http://s-d-v.dk/envision/no/thumbs/4225101902_1_V.jpg",
      "logoImg": "http://s-d-v.dk/envision/logos/b-co.png",
      "splashLine1": "Spar",
      "splashLine2": "40%",
      "price": "299,-",
      "desc": "4225101902 · Dame",
      "descAlt": "Normalpris 499,-",
      "href": "http://www.skoringen.no/bco-4225101902.aspx"
    },
    {
      "id": "2225130182",
      "name": "2225130182",
      "categories": ["women"],
      "img": "http://s-d-v.dk/envision/no/products/2225130182_1_V.png",
      "thumbImg": "http://s-d-v.dk/envision/no/thumbs/2225130182_1_V.jpg",
      "logoImg": "http://s-d-v.dk/envision/logos/rieker.png",
      "splashLine1": "Spar",
      "splashLine2": "25%",
      "price": "486,-",
      "desc": "2225130182 · Dame",
      "descAlt": "Normalpris 649,-",
      "href": "http://www.skoringen.no/rieker-43265-42.aspx"
    },
    {
      "id": "2235150380",
      "name": "2235150380",
      "categories": ["women"],
      "img": "http://s-d-v.dk/envision/no/products/2235150380_1_V.png",
      "thumbImg": "http://s-d-v.dk/envision/no/thumbs/2235150380_1_V.jpg",
      "logoImg": "http://s-d-v.dk/envision/logos/marco-tozzi.png",
      "splashLine1": "Spar",
      "splashLine2": "35%",
      "price": "259,-",
      "desc": "2235150380 · Dame",
      "descAlt": "Normalpris 399,-",
      "href": "http://www.skoringen.no/marco-tozzi-2-2-22445-24.aspx"
    },
    {
      "id": "2255150110",
      "name": "2255150110",
      "categories": ["women"],
      "img": "http://s-d-v.dk/envision/no/products/2255150110_1_V.png",
      "thumbImg": "http://s-d-v.dk/envision/no/thumbs/2255150110_1_V.jpg",
      "logoImg": "http://s-d-v.dk/envision/logos/gabor.png",
      "splashLine1": "Spar",
      "splashLine2": "35%",
      "price": "519,-",
      "desc": "2255150110 · Dame",
      "descAlt": "Normalpris 799,-",
      "href": "http://www.skoringen.no/gabor-84-234.aspx"
    },
    {
      "id": "2255151220",
      "name": "2255151220",
      "categories": ["women"],
      "img": "http://s-d-v.dk/envision/no/products/2255151220_1_V.png",
      "thumbImg": "http://s-d-v.dk/envision/no/thumbs/2255151220_1_V.jpg",
      "logoImg": "http://s-d-v.dk/envision/logos/ara.png",
      "splashLine1": "Spar",
      "splashLine2": "35%",
      "price": "584,-",
      "desc": "2255151220 · Dame",
      "descAlt": "Normalpris 899,-",
      "href": "http://www.skoringen.no/ara-12-35242-06.aspx"
    },
    {
      "id": "4225130122",
      "name": "4225130122",
      "categories": ["women"],
      "img": "http://s-d-v.dk/envision/no/products/4225130122_1_V.png",
      "thumbImg": "http://s-d-v.dk/envision/no/thumbs/4225130122_1_V.jpg",
      "logoImg": "http://s-d-v.dk/envision/logos/rieker.png",
      "splashLine1": "Spar",
      "splashLine2": "30%",
      "price": "419,-",
      "desc": "4225130122 · Dame",
      "descAlt": "Normalpris 599,-",
      "href": "http://www.skoringen.no/rieker-608b7-64.aspx"
    },
    {
      "id": "4225150110",
      "name": "4225150110",
      "categories": ["women"],
      "img": "http://s-d-v.dk/envision/no/products/4225150110_1_V.png",
      "thumbImg": "http://s-d-v.dk/envision/no/thumbs/4225150110_1_V.jpg",
      "logoImg": "http://s-d-v.dk/envision/logos/caprice.png",
      "splashLine1": "Spar",
      "splashLine2": "30%",
      "price": "399,-",
      "desc": "4225150110 · Dame",
      "descAlt": "Normalpris 599,-",
      "href": "http://www.skoringen.no/caprice-9-28652-24.aspx"
    },
    {
      "id": "4425150402",
      "name": "4425150402",
      "categories": ["women"],
      "img": "http://s-d-v.dk/envision/no/products/4425150402_1_V.png",
      "thumbImg": "http://s-d-v.dk/envision/no/thumbs/4425150402_1_V.jpg",
      "logoImg": "http://s-d-v.dk/envision/logos/ara.png",
      "splashLine1": "Spar",
      "splashLine2": "35%",
      "price": "519,-",
      "desc": "4425150402 · Dame",
      "descAlt": "Normalpris 799,-",
      "href": "http://www.skoringen.no/ara-12-37201.aspx"
    },
    {
      "id": "4435150110",
      "name": "4435150110",
      "categories": ["women"],
      "img": "http://s-d-v.dk/envision/no/products/4435150110_1_V.png",
      "thumbImg": "http://s-d-v.dk/envision/no/thumbs/4435150110_1_V.jpg",
      "logoImg": "http://s-d-v.dk/envision/logos/marco-tozzi.png",
      "splashLine1": "Spar",
      "splashLine2": "25%",
      "price": "299,-",
      "desc": "4435150110 · Dame",
      "descAlt": "Normalpris 399,-",
      "href": "http://www.skoringen.no/marco-tozzi-2-2-27507-24.aspx"
    },
    {
      "id": "7625150921",
      "name": "7625150921",
      "categories": ["women"],
      "img": "http://s-d-v.dk/envision/no/products/7625150921_1_V.png",
      "thumbImg": "http://s-d-v.dk/envision/no/thumbs/7625150921_1_V.jpg",
      "logoImg": "http://s-d-v.dk/envision/logos/viking.png",
      "splashLine1": "Spar",
      "splashLine2": "35%",
      "price": "714,-",
      "desc": "7625150921 · Dame",
      "descAlt": "Normalpris 1099,-",
      "href": "http://www.skoringen.no/viking-3-457513-45750.aspx"
    },



    {
      "id": "7615102173",
      "name": "7615102173",
      "categories": ["children"],
      "img": "http://s-d-v.dk/envision/no/products/7615102173_1_V.png",
      "thumbImg": "http://s-d-v.dk/envision/no/thumbs/7615102173_1_V.jpg",
      "logoImg": "http://s-d-v.dk/envision/logos/skofus.png",
      "splashLine1": "Spar",
      "splashLine2": "50%",
      "price": "199,-",
      "desc": "7615102173 · Barnestr. ",
      "descAlt": "Normalpris 399,-",
      "href": "http://www.skoringen.no/skofus-7615102173.aspx"
    },
    {
      "id": "7615102210",
      "name": "7615102210",
      "categories": ["children"],
      "img": "http://s-d-v.dk/envision/no/products/7615102210_1_V.png",
      "thumbImg": "http://s-d-v.dk/envision/no/thumbs/7615102210_1_V.jpg",
      "logoImg": "http://s-d-v.dk/envision/logos/skofus.png",
      "splashLine1": "Spar",
      "splashLine2": "50%",
      "price": "199,-",
      "desc": "7615102210 · Barnestr. ",
      "descAlt": "Normalpris 399,-",
      "href": "http://www.skoringen.no/skofus-7615102210.aspx"
    },
    {
      "id": "7615153750",
      "name": "7615153750",
      "categories": ["children"],
      "img": "http://s-d-v.dk/envision/no/products/7615153750_1_V.png",
      "thumbImg": "http://s-d-v.dk/envision/no/thumbs/7615153750_1_V.jpg",
      "logoImg": "http://s-d-v.dk/envision/logos/puma.png",
      "splashLine1": "Spar",
      "splashLine2": "25%",
      "price": "299,-",
      "desc": "7615153750 · Barnestr. ",
      "descAlt": "Normalpris 399,-",
      "href": "http://www.skoringen.no/puma-358773.aspx"
    },
    {
      "id": "7615153890",
      "name": "7615153890",
      "categories": ["children"],
      "img": "http://s-d-v.dk/envision/no/products/7615153890_1_V.png",
      "thumbImg": "http://s-d-v.dk/envision/no/thumbs/7615153890_1_V.jpg",
      "logoImg": "http://s-d-v.dk/envision/logos/puma.png",
      "splashLine1": "Spar",
      "splashLine2": "25%",
      "price": "299,-",
      "desc": "7615153890 · Barnestr. ",
      "descAlt": "Normalpris 399,-",
      "href": "http://www.skoringen.no/puma-354597.aspx"
    },
    {
      "id": "7615153590",
      "name": "7615153590",
      "categories": ["children"],
      "img": "http://s-d-v.dk/envision/no/products/7615153590_1_V.png",
      "thumbImg": "http://s-d-v.dk/envision/no/thumbs/7615153590_1_V.jpg",
      "logoImg": "http://s-d-v.dk/envision/logos/puma.png",
      "splashLine1": "Spar",
      "splashLine2": "25%",
      "price": "374,-",
      "desc": "7615153590 · Barnestr. ",
      "descAlt": "Normalpris 499,-",
      "href": "http://www.skoringen.no/puma-354596.aspx"
    },
    {
      "id": "7615153650",
      "name": "7615153650",
      "categories": ["children"],
      "img": "http://s-d-v.dk/envision/no/products/7615153650_1_V.png",
      "thumbImg": "http://s-d-v.dk/envision/no/thumbs/7615153650_1_V.jpg",
      "logoImg": "http://s-d-v.dk/envision/logos/puma.png",
      "splashLine1": "Spar",
      "splashLine2": "25%",
      "price": "374,-",
      "desc": "7615153650 · Barnestr. ",
      "descAlt": "Normalpris 499,-",
      "href": "http://www.skoringen.no/puma-358770.aspx"
    },
    {
      "id": "3215125121",
      "name": "3215125121",
      "categories": ["children"],
      "img": "http://s-d-v.dk/envision/no/products/3215125121_1_V.png",
      "thumbImg": "http://s-d-v.dk/envision/no/thumbs/3215125121_1_V.jpg",
      "logoImg": "http://s-d-v.dk/envision/logos/ecco.png",
      "splashLine1": "Spar",
      "splashLine2": "25%",
      "price": "449,-",
      "desc": "3215125121 · Barnestr. ",
      "descAlt": "Normalpris 599,-",
      "href": "http://www.skoringen.no/ecco-750231-mimic_2.aspx"
    },
    {
      "id": "7645101022",
      "name": "7645101022",
      "categories": ["children"],
      "img": "http://s-d-v.dk/envision/no/products/7645101022_1_V.png",
      "thumbImg": "http://s-d-v.dk/envision/no/thumbs/7645101022_1_V.jpg",
      "logoImg": "http://s-d-v.dk/envision/logos/cult.png",
      "splashLine1": "Spar",
      "splashLine2": "50%",
      "price": "299,-",
      "desc": "7645101022 · 36-46",
      "descAlt": "Normalpris 599,-",
      "href": "http://www.skoringen.no/cult-7645101022.aspx"
    },



    {
      "id": "1625101291",
      "name": "1625101291",
      "categories": ["men"],
      "img": "http://s-d-v.dk/envision/no/products/1625101291_1_V.png",
      "thumbImg": "http://s-d-v.dk/envision/no/thumbs/1625101291_1_V.jpg",
      "logoImg": "http://s-d-v.dk/envision/logos/odiin.png",
      "splashLine1": "Spar",
      "splashLine2": "50%",
      "price": "299,-",
      "desc": "1625101291 · Herre",
      "descAlt": "Normalpris 599,-",
      "href": "http://www.skoringen.no/odiin-1625101291.aspx"
    },
    {
      "id": "1635100521",
      "name": "1635100521",
      "categories": ["men"],
      "img": "http://s-d-v.dk/envision/no/products/1635100521_1_V.png",
      "thumbImg": "http://s-d-v.dk/envision/no/thumbs/1635100521_1_V.jpg",
      "logoImg": "http://s-d-v.dk/envision/logos/odiin.png",
      "splashLine1": "Spar",
      "splashLine2": "40%",
      "price": "419,-",
      "desc": "1635100521 · Herre",
      "descAlt": "Normalpris 699,-",
      "href": "http://www.skoringen.no/odiin-1635100521.aspx"
    },
    {
      "id": "1635101720",
      "name": "1635101720",
      "categories": ["men"],
      "img": "http://s-d-v.dk/envision/no/products/1635101720_1_V.png",
      "thumbImg": "http://s-d-v.dk/envision/no/thumbs/1635101720_1_V.jpg",
      "logoImg": "http://s-d-v.dk/envision/logos/odiin.png",
      "splashLine1": "Spar",
      "splashLine2": "40%",
      "price": "419,-",
      "desc": "1635101720 · Herre",
      "descAlt": "Normalpris 699,-",
      "href": "http://www.skoringen.no/odiin-1635101720.aspx"
    },
    {
      "id": "7635150352",
      "name": "7635150352",
      "categories": ["men"],
      "img": "http://s-d-v.dk/envision/no/products/7635150352_1_V.png",
      "thumbImg": "http://s-d-v.dk/envision/no/thumbs/7635150352_1_V.jpg",
      "logoImg": "http://s-d-v.dk/envision/logos/viking.png",
      "splashLine1": "Spar",
      "splashLine2": "35%",
      "price": "714,-",
      "desc": "7635150352 · Herre",
      "descAlt": "Normalpris 1099,-",
      "href": "http://www.skoringen.no/viking-3-457563-45755.aspx"
    },
    {
      "id": "7645150510",
      "name": "7645150510",
      "categories": ["men"],
      "img": "http://s-d-v.dk/envision/no/products/7645150510_1_V.png",
      "thumbImg": "http://s-d-v.dk/envision/no/thumbs/7645150510_1_V.jpg",
      "logoImg": "http://s-d-v.dk/envision/logos/puma.png",
      "splashLine1": "Spar",
      "splashLine2": "25%",
      "price": "374,-",
      "desc": "7645150510 · Herre",
      "descAlt": "Normalpris 499,-",
      "href": "http://www.skoringen.no/puma-343897.aspx"
    },
    {
      "id": "1615100752",
      "name": "1615100752",
      "categories": ["men"],
      "img": "http://s-d-v.dk/envision/no/products/1615100752_1_V.png",
      "thumbImg": "http://s-d-v.dk/envision/no/thumbs/1615100752_1_V.jpg",
      "logoImg": "http://s-d-v.dk/envision/logos/odiin.png",
      "splashLine1": "Spar",
      "splashLine2": "25%",
      "price": "519,-",
      "desc": "1615100752 · Herre",
      "descAlt": "Normalpris 699,-",
      "href": "http://www.skoringen.no/odiin-1615100752.aspx"
    },
    {
      "id": "1625130150",
      "name": "1625130150",
      "categories": ["men"],
      "img": "http://s-d-v.dk/envision/no/products/1625130150_1_V.png",
      "thumbImg": "http://s-d-v.dk/envision/no/thumbs/1625130150_1_V.jpg",
      "logoImg": "http://s-d-v.dk/envision/logos/rieker.png",
      "splashLine1": "Spar",
      "splashLine2": "25%",
      "price": "561,-",
      "desc": "1625130150 · Herre",
      "descAlt": "Normalpris 749,-",
      "href": "http://www.skoringen.no/rieker-19073-16.aspx"
    },
    {
      "id": "1625150620",
      "name": "1625150620",
      "categories": ["men"],
      "img": "http://s-d-v.dk/envision/no/products/1625150620_1_V.png",
      "thumbImg": "http://s-d-v.dk/envision/no/thumbs/1625150620_1_V.jpg",
      "logoImg": "http://s-d-v.dk/envision/logos/bjorn-borg.png",
      "splashLine1": "Spar",
      "splashLine2": "25%",
      "price": "749,-",
      "desc": "1625150620 · Herre",
      "descAlt": "Normalpris 999,-",
      "href": "http://www.skoringen.no/bjoern-borg-1512139524.aspx"
    },
    {
      "id": "1625150790",
      "name": "1625150790",
      "categories": ["men"],
      "img": "http://s-d-v.dk/envision/no/products/1625150790_1_V.png",
      "thumbImg": "http://s-d-v.dk/envision/no/thumbs/1625150790_1_V.jpg",
      "logoImg": "http://s-d-v.dk/envision/logos/bjorn-borg.png",
      "splashLine1": "Spar",
      "splashLine2": "25%",
      "price": "749,-",
      "desc": "1625150790 · Herre",
      "descAlt": "Normalpris 999,-",
      "href": "http://www.skoringen.no/bjoern-borg-1512305501.aspx"
    },
    {
      "id": "1635150530",
      "name": "1635150530",
      "categories": ["men"],
      "img": "http://s-d-v.dk/envision/no/products/1635150530_1_V.png",
      "thumbImg": "http://s-d-v.dk/envision/no/thumbs/1635150530_1_V.jpg",
      "logoImg": "http://s-d-v.dk/envision/logos/timberland.png",
      "splashLine1": "Spar",
      "splashLine2": "35%",
      "price": "649,-",
      "desc": "1635150530 · Herre",
      "descAlt": "Normalpris 999,-",
      "href": "http://www.skoringen.no/timberland-5230r.aspx"
    },
    {
      "id": "1635125032",
      "name": "1635125032",
      "categories": ["men"],
      "img": "http://s-d-v.dk/envision/no/products/1635125032_1_V.png",
      "thumbImg": "http://s-d-v.dk/envision/no/thumbs/1635125032_1_V.jpg",
      "logoImg": "http://s-d-v.dk/envision/logos/ecco.png",
      "splashLine1": "Spar",
      "splashLine2": "30%",
      "price": "769,-",
      "desc": "1635125032 · Herre",
      "descAlt": "Normalpris 1099,-",
      "href": "http://www.skoringen.no/ecco-535504-collin.aspx"
    }
  ]
}
