<?xml version="1.0"?>
<adf>
    <banner>
        <details>
            <uniqueId>ba420c72887d182b22af2f34b7b764553</uniqueId>
            <format>Expanding</format>
            <name>Expanding</name>
            <events>1</events>
        </details>
        <settings>
            <position>1</position>
            <autoShowAfter>0</autoShowAfter>
            <autoCloseAfter>0</autoCloseAfter>
            <keepCollapsed/>
            <expandDelay>0</expandDelay>
            <closeOnRollOut>1</closeOnRollOut>
            <showType>1</showType>
            <expandsTo>down</expandsTo>
            <expandedX>0</expandedX>
            <expandedY>0</expandedY>
            <expandTime> 0 </expandTime>
            <collapseTime>0</collapseTime>
            <pushdown>0</pushdown>
            <enableSideKickAnimation/>
            <restartAnimation>0</restartAnimation>
            <landingPageTarget>_blank</landingPageTarget>
        </settings>
        <assets>
            <asset>
                <sourceType>src</sourceType>
                <fileName>160x600.zip</fileName>
                <clickTagNames>
                    <clickTagName>clickTAG</clickTagName>
                </clickTagNames>
                <eventIds/>
            </asset>
            <asset>
                <sourceType>esrc</sourceType>
                <fileName>985x640.zip</fileName>
                <clickTagNames/>
                <eventIds/>
            </asset>
        </assets>
        <bannerClickTags>
            <bannerClickTag name="clickTAG" displayName="clickTAG">
                <![CDATA[http://www.adform.com]]>
            </bannerClickTag>
        </bannerClickTags>
        <bannerEvents/>
    </banner>
</adf>
