<?xml version="1.0"?>
<adf>
    <banner>
        <details>
            <uniqueId>b739d9e6729e1b2c377d5031198cdfd85</uniqueId>
            <format>Single Expanding</format>
            <name>Single Expanding</name>
            <events>1</events>
        </details>
        <settings>
            <position>1</position>
            <expandsTo>left</expandsTo>
            <autoShowAfter>0</autoShowAfter>
            <autoCloseAfter>0</autoCloseAfter>
            <expandDelay>1</expandDelay>
            <closeOnRollOut>1</closeOnRollOut>
            <showType>1</showType>
            <expandTime>0</expandTime>
            <collapseTime>0</collapseTime>
            <pushdown>0</pushdown>
            <collapsedWidth>160</collapsedWidth>
            <collapsedHeight>600</collapsedHeight>
            <enableSideKickAnimation>0</enableSideKickAnimation>
            <landingPageTarget>_blank</landingPageTarget>
        </settings>
        <assets>
            <asset>
                <sourceType>src</sourceType>
                <fileName>full.zip</fileName>
                <clickTagNames/>
                <eventIds/>
            </asset>
        </assets>
        <bannerClickTags/>
        <bannerEvents/>
    </banner>
</adf>
