{
  "name": "Skoringen",
  "categories": [
    {
      "id": "women",
      "name": "Damesko"
    },
    {
      "id": "men",
      "name": "Herresko"
    },
    {
      "id": "children",
      "name": "Børnesko"
    }
  ],
  "teasers": [
    {
      "id": "t1",
      "name": "Teaser 1",
      "img": "http://placehold.it/145x125",
      "logoImg": "http://placehold.it/130x21",
      "splashLine1": "Spar 10%",
      "splashLine2": "199,-"
    },
    {
      "id": "t2",
      "name": "Teaser 2",
      "img": "http://placehold.it/145x125",
      "logoImg": "http://placehold.it/130x21",
      "splashLine1": "Spar 20%",
      "splashLine2": "299,-"
    },
    {
      "id": "t3",
      "name": "Teaser 3",
      "img": "http://placehold.it/145x125",
      "logoImg": "http://placehold.it/130x21",
      "splashLine1": "Spar 30%",
      "splashLine2": "399,-"
    }
  ],
  "products": [
    {
      "id": "p1",
      "name": "Sko 1",
      "categories": ["women", "men"],
      "img": "http://placehold.it/425x340",
      "thumbImg": "http://placehold.it/80x60",
      "logoImg": "http://placehold.it/130x21",
      "splashLine1": "Spar",
      "splashLine2": "10%",
      "price": "199,-",
      "desc": "7282828282 · Damestr",
      "descAlt": "Normalpris 199,-",
      "href": "http://google.dk"
    },
    {
      "id": "p2",
      "name": "Sko 2",
      "categories": ["women", "men"],
      "img": "http://placehold.it/425x340",
      "thumbImg": "http://placehold.it/80x60",
      "logoImg": "http://placehold.it/130x21",
      "splashLine1": "Spar",
      "splashLine2": "20%",
      "price": "299,-",
      "desc": "7282828282 · Damestr",
      "descAlt": "Normalpris 299,-",
      "href": "http://google.dk"
    },
    {
      "id": "p3",
      "name": "Sko 3",
      "categories": ["women", "men"],
      "img": "http://placehold.it/425x340",
      "thumbImg": "http://placehold.it/80x60",
      "logoImg": "http://placehold.it/130x21",
      "splashLine1": "Spar",
      "splashLine2": "30%",
      "price": "399,-",
      "desc": "7282828282 · Damestr",
      "descAlt": "Normalpris 399,-",
      "href": "http://google.dk"
    },
    {
      "id": "p4",
      "name": "Sko 4",
      "categories": ["women", "men"],
      "img": "http://placehold.it/425x340",
      "thumbImg": "http://placehold.it/80x60",
      "logoImg": "http://placehold.it/130x21",
      "splashLine1": "Spar",
      "splashLine2": "40%",
      "price": "499,-",
      "desc": "7282828282 · Damestr",
      "descAlt": "Normalpris 499,-",
      "href": "http://google.dk"
    },
    {
      "id": "p5",
      "name": "Sko 5",
      "categories": ["women", "men"],
      "img": "http://placehold.it/425x340",
      "thumbImg": "http://placehold.it/80x60",
      "logoImg": "http://placehold.it/130x21",
      "splashLine1": "Spar",
      "splashLine2": "50%",
      "price": "599,-",
      "desc": "7282828282 · Damestr",
      "descAlt": "Normalpris 599,-",
      "href": "http://google.dk"
    },
    {
      "id": "p6",
      "name": "Sko 6",
      "categories": ["women", "men"],
      "img": "http://placehold.it/425x340",
      "thumbImg": "http://placehold.it/80x60",
      "logoImg": "http://placehold.it/130x21",
      "splashLine1": "Spar",
      "splashLine2": "60%",
      "price": "699,-",
      "desc": "7282828282 · Damestr",
      "descAlt": "Normalpris 699,-",
      "href": "http://google.dk"
    },
    {
      "id": "p7",
      "name": "Sko 7",
      "categories": ["women", "men"],
      "img": "http://placehold.it/425x340",
      "thumbImg": "http://placehold.it/80x60",
      "logoImg": "http://placehold.it/130x21",
      "splashLine1": "Spar",
      "splashLine2": "70%",
      "price": "799,-",
      "desc": "7282828282 · Damestr",
      "descAlt": "Normalpris 799,-",
      "href": "http://google.dk"
    },
    {
      "id": "p8",
      "name": "Sko 8",
      "categories": ["women", "men"],
      "img": "http://placehold.it/425x340",
      "thumbImg": "http://placehold.it/80x60",
      "logoImg": "http://placehold.it/130x21",
      "splashLine1": "Spar",
      "splashLine2": "80%",
      "price": "899,-",
      "desc": "7282828282 · Damestr",
      "descAlt": "Normalpris 899,-",
      "href": "http://google.dk"
    },
    {
      "id": "p9",
      "name": "Sko 9",
      "categories": ["women"],
      "img": "http://placehold.it/425x340",
      "thumbImg": "http://placehold.it/80x60",
      "logoImg": "http://placehold.it/130x21",
      "splashLine1": "Spar",
      "splashLine2": "90%",
      "price": "999,-",
      "desc": "7282828282 · Damestr",
      "descAlt": "Normalpris 999,-",
      "href": "http://google.dk"
    },
    {
      "id": "p10",
      "name": "Sko 10",
      "categories": ["children"],
      "img": "http://placehold.it/425x340",
      "thumbImg": "http://placehold.it/80x60",
      "logoImg": "http://placehold.it/130x21",
      "splashLine1": "Spar",
      "splashLine2": "100%",
      "price": "1099,-",
      "desc": "7282828282 · Damestr",
      "descAlt": "Normalpris 1099,-",
      "href": "http://google.dk"
    },
    {
      "id": "p11",
      "name": "Sko 11",
      "categories": ["children"],
      "img": "http://placehold.it/425x340",
      "thumbImg": "http://placehold.it/80x60",
      "logoImg": "http://placehold.it/130x21",
      "splashLine1": "Spar",
      "splashLine2": "110%",
      "price": "1199,-",
      "desc": "7282828282 · Damestr",
      "descAlt": "Normalpris 1199,-",
      "href": "http://google.dk"
    }
  ]
}
