{
  "name": "Skoringen",
  "categories": [
    {
      "id": "women",
      "name": "Damesko"
    },
    {
      "id": "men",
      "name": "Herresko"
    },
    {
      "id": "children",
      "name": "Børnesko"
    }
  ],
  "teasers": [
    {
      "id": "t1",
      "name": "Teaser 1",
      "img": "http://temp.noerd.com/skoringen/teasers/teaser1.png",
      "logoImg": "http://temp.noerd.com/skoringen/test_logo.png",
      "splashLine1": "Spar 50%",
      "splashLine2": "299,-"
    },
    {
      "id": "t2",
      "name": "Teaser 2",
      "img": "http://temp.noerd.com/skoringen/teasers/teaser2.png",
      "logoImg": "http://temp.noerd.com/skoringen/test_logo.png",
      "splashLine1": "Spar 40%",
      "splashLine2": "359,-"
    },
    {
      "id": "t3",
      "name": "Teaser 3",
      "img": "http://temp.noerd.com/skoringen/teasers/teaser3.png",
      "logoImg": "http://temp.noerd.com/skoringen/test_logo.png",
      "splashLine1": "Spar 25%",
      "splashLine2": "374,-"
    }
  ],
  "products": [
    {
      "id": "p1",
      "name": "4425150410",
      "categories": ["women"],
      "img": "http://temp.noerd.com/skoringen/products/4425150410_1_V.png",
      "thumbImg": "http://temp.noerd.com/skoringen/thumbs/4425150410_1_V.jpg",
      "logoImg": "http://temp.noerd.com/skoringen/logos/ara.png",
      "splashLine1": "Spar",
      "splashLine2": "35%",
      "price": "389,-",
      "desc": "4425150410 · Skind · Damestr",
      "descAlt": "Normalpris 599,-",
      "href": "http://google.dk"
    },
    {
      "id": "p2",
      "name": "4425150402",
      "categories": ["women"],
      "img": "http://temp.noerd.com/skoringen/products/4425150402_1_V.png",
      "thumbImg": "http://temp.noerd.com/skoringen/thumbs/4425150402_1_V.jpg",
      "logoImg": "http://temp.noerd.com/skoringen/logos/ara.png",
      "splashLine1": "Spar",
      "splashLine2": "35%",
      "price": "389,-",
      "desc": "4425150402 · Skind · Damestr",
      "descAlt": "Normalpris 599,-",
      "href": "http://google.dk"
    },
    {
      "id": "p3",
      "name": "4425100632",
      "categories": ["women"],
      "img": "http://temp.noerd.com/skoringen/products/4425100632_1_V.png",
      "thumbImg": "http://temp.noerd.com/skoringen/thumbs/4425100632_1_V.jpg",
      "logoImg": "http://temp.noerd.com/skoringen/logos/b-co.png",
      "splashLine1": "Spar",
      "splashLine2": "25%",
      "price": "299,-",
      "desc": "4425100632 · Damestr",
      "descAlt": "Normalpris 399,-",
      "href": "http://google.dk"
    },
    {
      "id": "p4",
      "name": "4435150110",
      "categories": ["women"],
      "img": "http://temp.noerd.com/skoringen/products/4435150110_1_V.png",
      "thumbImg": "http://temp.noerd.com/skoringen/thumbs/4435150110_1_V.jpg",
      "logoImg": "http://temp.noerd.com/skoringen/logos/marco-tozzi.png",
      "splashLine1": "Spar",
      "splashLine2": "30%",
      "price": "209,-",
      "desc": "4435150110 · Damestr",
      "descAlt": "Normalpris 299,-",
      "href": "http://google.dk"
    },
    {
      "id": "p5",
      "name": "4225101902",
      "categories": ["women"],
      "img": "http://temp.noerd.com/skoringen/products/4225101902_1_V.png",
      "thumbImg": "http://temp.noerd.com/skoringen/thumbs/4225101902_1_V.jpg",
      "logoImg": "http://temp.noerd.com/skoringen/logos/b-co.png",
      "splashLine1": "Spar",
      "splashLine2": "30%",
      "price": "314,-",
      "desc": "4225101902 · Damestr",
      "descAlt": "Normalpris 449,-",
      "href": "http://google.dk"
    },
    {
      "id": "p6",
      "name": "4215151920",
      "categories": ["women"],
      "img": "http://temp.noerd.com/skoringen/products/4215151920_1_V.png",
      "thumbImg": "http://temp.noerd.com/skoringen/thumbs/4215151920_1_V.jpg",
      "logoImg": "http://temp.noerd.com/skoringen/logos/ara.png",
      "splashLine1": "Spar",
      "splashLine2": "35%",
      "price": "519,-",
      "desc": "4215151920 · Skind · Damestr",
      "descAlt": "Normalpris 799,-",
      "href": "http://google.dk"
    },
    {
      "id": "p9",
      "name": "2225101010",
      "categories": ["women"],
      "img": "http://temp.noerd.com/skoringen/products/2225101010_1_V.png",
      "thumbImg": "http://temp.noerd.com/skoringen/thumbs/2225101010_1_V.jpg",
      "logoImg": "http://temp.noerd.com/skoringen/logos/b-co.png",
      "splashLine1": "Spar",
      "splashLine2": "25%",
      "price": "299,-",
      "desc": "2225101010 · Damestr",
      "descAlt": "Normalpris 399,-",
      "href": "http://google.dk"
    },
    {
      "id": "p10",
      "name": "4225130122",
      "categories": ["women"],
      "img": "http://temp.noerd.com/skoringen/products/4225130122_1_V.png",
      "thumbImg": "http://temp.noerd.com/skoringen/thumbs/4225130122_1_V.jpg",
      "logoImg": "http://temp.noerd.com/skoringen/logos/rieker.png",
      "splashLine1": "Spar",
      "splashLine2": "25%",
      "price": "374,-",
      "desc": "2225101010 · Damestr",
      "descAlt": "Normalpris 499,-",
      "href": "http://google.dk"
    },
    {
      "id": "p13",
      "name": "2225150210",
      "categories": ["women"],
      "img": "http://temp.noerd.com/skoringen/products/2225150210_1_V.png",
      "thumbImg": "http://temp.noerd.com/skoringen/thumbs/2225150210_1_V.jpg",
      "logoImg": "http://temp.noerd.com/skoringen/logos/gabor.png",
      "splashLine1": "Spar",
      "splashLine2": "35%",
      "price": "519,-",
      "desc": "2225150210 · Ruskind · Damestr",
      "descAlt": "Normalpris 799,-",
      "href": "http://google.dk"
    },
    {
      "id": "p14",
      "name": "2255151220",
      "categories": ["women"],
      "img": "http://temp.noerd.com/skoringen/products/2255151220_1_V.png",
      "thumbImg": "http://temp.noerd.com/skoringen/thumbs/2255151220_1_V.jpg",
      "logoImg": "http://temp.noerd.com/skoringen/logos/ara.png",
      "splashLine1": "Spar",
      "splashLine2": "35%",
      "price": "389,-",
      "desc": "2255151220 · Skind · Damestr",
      "descAlt": "Normalpris 599,-",
      "href": "http://google.dk"
    },
    {
      "id": "p17",
      "name": "2255150110",
      "categories": ["women"],
      "img": "http://temp.noerd.com/skoringen/products/2255150110_1_V.png",
      "thumbImg": "http://temp.noerd.com/skoringen/thumbs/2255150110_1_V.jpg",
      "logoImg": "http://temp.noerd.com/skoringen/logos/gabor.png",
      "splashLine1": "Spar",
      "splashLine2": "35%",
      "price": "454,-",
      "desc": "2255150110 · Skind · Damestr",
      "descAlt": "Normalpris 699,-",
      "href": "http://google.dk"
    },
    {
      "id": "p18",
      "name": "4425130102",
      "categories": ["women"],
      "img": "http://temp.noerd.com/skoringen/products/4425130102_1_V.png",
      "thumbImg": "http://temp.noerd.com/skoringen/thumbs/4425130102_1_V.jpg",
      "logoImg": "http://temp.noerd.com/skoringen/logos/rieker.png",
      "splashLine1": "Spar",
      "splashLine2": "25%",
      "price": "299,-",
      "desc": "4425130102 · Damestr",
      "descAlt": "Normalpris 399,-",
      "href": "http://google.dk"
    },
    {
      "id": "p21",
      "name": "4225150110",
      "categories": ["women"],
      "img": "http://temp.noerd.com/skoringen/products/4225150110_1_V.png",
      "thumbImg": "http://temp.noerd.com/skoringen/thumbs/4225150110_1_V.jpg",
      "logoImg": "http://temp.noerd.com/skoringen/logos/caprice.png",
      "splashLine1": "Spar",
      "splashLine2": "40%",
      "price": "299,-",
      "desc": "4225150110 · Skind · Damestr",
      "descAlt": "Normalpris 499,-",
      "href": "http://google.dk"
    },
    {
      "id": "p22",
      "name": "4215101510",
      "categories": ["women"],
      "img": "http://temp.noerd.com/skoringen/products/4215101510_1_V.png",
      "thumbImg": "http://temp.noerd.com/skoringen/thumbs/4215101510_1_V.jpg",
      "logoImg": "http://temp.noerd.com/skoringen/logos/b-co.png",
      "splashLine1": "Spar",
      "splashLine2": "40%",
      "price": "299,-",
      "desc": "4215101510 · Damestr",
      "descAlt": "Normalpris 499,-",
      "href": "http://google.dk"
    },
    {
      "id": "p23",
      "name": "2455100873",
      "categories": ["women"],
      "img": "http://temp.noerd.com/skoringen/products/2455100873_1_V.png",
      "thumbImg": "http://temp.noerd.com/skoringen/thumbs/2455100873_1_V.jpg",
      "logoImg": "http://temp.noerd.com/skoringen/logos/bronx.png",
      "splashLine1": "Spar",
      "splashLine2": "50%",
      "price": "150,-",
      "desc": "2455100873 · Damestr",
      "descAlt": "Normalpris 299,-",
      "href": "http://google.dk"
    },
    {
      "id": "p24",
      "name": "2455110110",
      "categories": ["women"],
      "img": "http://temp.noerd.com/skoringen/products/2455110110_1_V.png",
      "thumbImg": "http://temp.noerd.com/skoringen/thumbs/2455110110_1_V.jpg",
      "logoImg": "http://temp.noerd.com/skoringen/logos/soft-line.png",
      "splashLine1": "Spar",
      "splashLine2": "40%",
      "price": "299,-",
      "desc": "2455110110 · Damestr",
      "descAlt": "Normalpris 499,-",
      "href": "http://google.dk"
    },
    {
      "id": "p26",
      "name": "4225125010",
      "categories": ["women"],
      "img": "http://temp.noerd.com/skoringen/products/4225125010_1_V.png",
      "thumbImg": "http://temp.noerd.com/skoringen/thumbs/4225125010_1_V.jpg",
      "logoImg": "http://temp.noerd.com/skoringen/logos/ecco.png",
      "splashLine1": "Spar",
      "splashLine2": "30%",
      "price": "524,-",
      "desc": "4225125010 · Skind · Damestr",
      "descAlt": "Normalpris 749,-",
      "href": "http://google.dk"
    },
    {
      "id": "p32",
      "name": "7645100422",
      "categories": ["women"],
      "img": "http://temp.noerd.com/skoringen/products/7645100422_1_V.png",
      "thumbImg": "http://temp.noerd.com/skoringen/thumbs/7645100422_1_V.jpg",
      "logoImg": "http://temp.noerd.com/skoringen/logos/cult.png",
      "splashLine1": "Spar",
      "splashLine2": "35%",
      "price": "259,-",
      "desc": "7645100422 · Damestr",
      "descAlt": "Normalpris 399,-",
      "href": "http://google.dk"
    },
    {
      "id": "p33",
      "name": "4215150110",
      "categories": ["women"],
      "img": "http://temp.noerd.com/skoringen/products/4215150110_1_V.png",
      "thumbImg": "http://temp.noerd.com/skoringen/thumbs/4215150110_1_V.jpg",
      "logoImg": "http://temp.noerd.com/skoringen/logos/tamaris.png",
      "splashLine1": "Spar",
      "splashLine2": "50%",
      "price": "299,-",
      "desc": "4215150110 · Damestr",
      "descAlt": "Normalpris 599,-",
      "href": "http://google.dk"
    },
    {
      "id": "p34",
      "name": "7235100711",
      "categories": ["women"],
      "img": "http://temp.noerd.com/skoringen/products/7235100711_1_V.png",
      "thumbImg": "http://temp.noerd.com/skoringen/thumbs/7235100711_1_V.jpg",
      "logoImg": "http://temp.noerd.com/skoringen/logos/b-co.png",
      "splashLine1": "Spar",
      "splashLine2": "50%",
      "price": "199,-",
      "desc": "7235100711 · Damestr",
      "descAlt": "Normalpris 399,-",
      "href": "http://google.dk"
    },
    {
      "id": "p35",
      "name": "4255150180",
      "categories": ["women"],
      "img": "http://temp.noerd.com/skoringen/products/4255150180_1_V.png",
      "thumbImg": "http://temp.noerd.com/skoringen/thumbs/4255150180_1_V.jpg",
      "logoImg": "http://temp.noerd.com/skoringen/logos/merrell.png",
      "splashLine1": "Spar",
      "splashLine2": "50%",
      "price": "399,-",
      "desc": "4255150180 · Nubuck · Damestr",
      "descAlt": "Normalpris 799,-",
      "href": "http://google.dk"
    },
    {
      "id": "p36",
      "name": "4255150110",
      "categories": ["women"],
      "img": "http://temp.noerd.com/skoringen/products/4255150110_1_V.png",
      "thumbImg": "http://temp.noerd.com/skoringen/thumbs/4255150110_1_V.jpg",
      "logoImg": "http://temp.noerd.com/skoringen/logos/merrell.png",
      "splashLine1": "Spar",
      "splashLine2": "50%",
      "price": "399,-",
      "desc": "4255150110 · Nubuck · Damestr",
      "descAlt": "Normalpris 799,-",
      "href": "http://google.dk"
    },
    {
      "id": "p37",
      "name": "2255140110",
      "categories": ["women"],
      "img": "http://temp.noerd.com/skoringen/products/2255140110_1_V.png",
      "thumbImg": "http://temp.noerd.com/skoringen/thumbs/2255140110_1_V.jpg",
      "logoImg": "http://temp.noerd.com/skoringen/logos/vagabond.png",
      "splashLine1": "Spar",
      "splashLine2": "50%",
      "price": "299,-",
      "desc": "2255140110 · Skind · Damestr",
      "descAlt": "Normalpris 599,-",
      "href": "http://google.dk"
    },
    {
      "id": "p28",
      "name": "7625100710",
      "categories": ["women"],
      "img": "http://temp.noerd.com/skoringen/products/7625100710_1_V.png",
      "thumbImg": "http://temp.noerd.com/skoringen/thumbs/7625100710_1_V.jpg",
      "logoImg": "http://temp.noerd.com/skoringen/logos/cult.png",
      "splashLine1": "Spar",
      "splashLine2": "50%",
      "price": "249,-",
      "desc": "7625100710 · Ruskind/mesh · Damestr",
      "descAlt": "Normalpris 499,-",
      "href": "http://google.dk"
    },





    {
      "id": "p38",
      "name": "3215125052",
      "categories": ["children"],
      "img": "http://temp.noerd.com/skoringen/products/3215125052_1_V.png",
      "thumbImg": "http://temp.noerd.com/skoringen/thumbs/3215125052_1_V.jpg",
      "logoImg": "http://temp.noerd.com/skoringen/logos/ecco.png",
      "splashLine1": "Spar",
      "splashLine2": "25%",
      "price": "411,-",
      "desc": "3215125052 · Skind · Børnestr",
      "descAlt": "Normalpris 549,-",
      "href": "http://google.dk"
    },
    {
      "id": "p39",
      "name": "4835152782",
      "categories": ["children"],
      "img": "http://temp.noerd.com/skoringen/products/4835152782_1_V.png",
      "thumbImg": "http://temp.noerd.com/skoringen/thumbs/4835152782_1_V.jpg",
      "logoImg": "http://temp.noerd.com/skoringen/logos/superfit.png",
      "splashLine1": "Spar",
      "splashLine2": "25%",
      "price": "374,-",
      "desc": "4835152782 · Skind · Børnestr",
      "descAlt": "Normalpris 499,-",
      "href": "http://google.dk"
    },
    {
      "id": "p40",
      "name": "4835152821",
      "categories": ["children"],
      "img": "http://temp.noerd.com/skoringen/products/4835152821_1_V.png",
      "thumbImg": "http://temp.noerd.com/skoringen/thumbs/4835152821_1_V.jpg",
      "logoImg": "http://temp.noerd.com/skoringen/logos/superfit.png",
      "splashLine1": "Spar",
      "splashLine2": "25%",
      "price": "374,-",
      "desc": "4835152821 · Skind · Børnestr",
      "descAlt": "Normalpris 499,-",
      "href": "http://google.dk"
    },
    {
      "id": "p41",
      "name": "4835102652",
      "categories": ["children"],
      "img": "http://temp.noerd.com/skoringen/products/4835102652_1_V.png",
      "thumbImg": "http://temp.noerd.com/skoringen/thumbs/4835102652_1_V.jpg",
      "logoImg": "http://temp.noerd.com/skoringen/logos/blank.png",
      "splashLine1": "Spar",
      "splashLine2": "50%",
      "price": "199,-",
      "desc": "4835102652 · Børnestr",
      "descAlt": "Normalpris 399,-",
      "href": "http://google.dk"
    },
    {
      "id": "p42",
      "name": "4835102772",
      "categories": ["children"],
      "img": "http://temp.noerd.com/skoringen/products/4835102772_1_V.png",
      "thumbImg": "http://temp.noerd.com/skoringen/thumbs/4835102772_1_V.jpg",
      "logoImg": "http://temp.noerd.com/skoringen/logos/blank.png",
      "splashLine1": "Spar",
      "splashLine2": "50%",
      "price": "199,-",
      "desc": "4835102772 · Børnestr",
      "descAlt": "Normalpris 399,-",
      "href": "http://google.dk"
    },
    {
      "id": "p43",
      "name": "7615153590",
      "categories": ["children"],
      "img": "http://temp.noerd.com/skoringen/products/7615153590_1_V.png",
      "thumbImg": "http://temp.noerd.com/skoringen/thumbs/7615153590_1_V.jpg",
      "logoImg": "http://temp.noerd.com/skoringen/logos/puma.png",
      "splashLine1": "Spar",
      "splashLine2": "25%",
      "price": "374,-",
      "desc": "7615153590 · Skind · Børnestr",
      "descAlt": "Normalpris 499,-",
      "href": "http://google.dk"
    },
    {
      "id": "p44",
      "name": "7615153650",
      "categories": ["children"],
      "img": "http://temp.noerd.com/skoringen/products/7615153650_1_V.png",
      "thumbImg": "http://temp.noerd.com/skoringen/thumbs/7615153650_1_V.jpg",
      "logoImg": "http://temp.noerd.com/skoringen/logos/puma.png",
      "splashLine1": "Spar",
      "splashLine2": "25%",
      "price": "374,-",
      "desc": "7615153650 · Ruskind · Børnestr",
      "descAlt": "Normalpris 499,-",
      "href": "http://google.dk"
    },




    {
      "id": "p7",
      "name": "4615100721",
      "categories": ["men"],
      "img": "http://temp.noerd.com/skoringen/products/4615100721_1_V.png",
      "thumbImg": "http://temp.noerd.com/skoringen/thumbs/4615100721_1_V.jpg",
      "logoImg": "http://temp.noerd.com/skoringen/logos/cult.png",
      "splashLine1": "Spar",
      "splashLine2": "30%",
      "price": "349,-",
      "desc": "4615100721 · Herrestr",
      "descAlt": "Normalpris 499,-",
      "href": "http://google.dk"
    },
    {
      "id": "p8",
      "name": "1635125032",
      "categories": ["men"],
      "img": "http://temp.noerd.com/skoringen/products/1635125032_1_V.png",
      "thumbImg": "http://temp.noerd.com/skoringen/thumbs/1635125032_1_V.jpg",
      "logoImg": "http://temp.noerd.com/skoringen/logos/ecco.png",
      "splashLine1": "Spar",
      "splashLine2": "30%",
      "price": "629,-",
      "desc": "1635125032 · Herrestr",
      "descAlt": "Normalpris 899,-",
      "href": "http://google.dk"
    },
    {
      "id": "p11",
      "name": "1615100752",
      "categories": ["men"],
      "img": "http://temp.noerd.com/skoringen/products/1615100752_1_V.png",
      "thumbImg": "http://temp.noerd.com/skoringen/thumbs/1615100752_1_V.jpg",
      "logoImg": "http://temp.noerd.com/skoringen/logos/odiin.png",
      "splashLine1": "Spar",
      "splashLine2": "35%",
      "price": "389,-",
      "desc": "1615100752 · Herrestr",
      "descAlt": "Normalpris 599,-",
      "href": "http://google.dk"
    },
    {
      "id": "p12",
      "name": "1635100521",
      "categories": ["men"],
      "img": "http://temp.noerd.com/skoringen/products/1635100521_1_V.png",
      "thumbImg": "http://temp.noerd.com/skoringen/thumbs/1635100521_1_V.jpg",
      "logoImg": "http://temp.noerd.com/skoringen/logos/odiin.png",
      "splashLine1": "Spar",
      "splashLine2": "30%",
      "price": "419,-",
      "desc": "1635100521 · Ruskind · Herrestr",
      "descAlt": "Normalpris 599,-",
      "href": "http://google.dk"
    },
    {
      "id": "p15",
      "name": "1625130150",
      "categories": ["men"],
      "img": "http://temp.noerd.com/skoringen/products/1625130150_1_V.png",
      "thumbImg": "http://temp.noerd.com/skoringen/thumbs/1625130150_1_V.jpg",
      "logoImg": "http://temp.noerd.com/skoringen/logos/rieker.png",
      "splashLine1": "Spar",
      "splashLine2": "25%",
      "price": "449,-",
      "desc": "1625130150 · Skind · Herrestr",
      "descAlt": "Normalpris 599,-",
      "href": "http://google.dk"
    },
    {
      "id": "p16",
      "name": "1635150530",
      "categories": ["men"],
      "img": "http://temp.noerd.com/skoringen/products/1635150530_1_V.png",
      "thumbImg": "http://temp.noerd.com/skoringen/thumbs/1635150530_1_V.jpg",
      "logoImg": "http://temp.noerd.com/skoringen/logos/timberland.png",
      "splashLine1": "Spar",
      "splashLine2": "35%",
      "price": "649,-",
      "desc": "1635150530 · Skind · Herrestr",
      "descAlt": "Normalpris 999,-",
      "href": "http://google.dk"
    },
    {
      "id": "p19",
      "name": "1625150620",
      "categories": ["men"],
      "img": "http://temp.noerd.com/skoringen/products/1625150620_1_V.png",
      "thumbImg": "http://temp.noerd.com/skoringen/thumbs/1625150620_1_V.jpg",
      "logoImg": "http://temp.noerd.com/skoringen/logos/bjorn-borg.png",
      "splashLine1": "Spar",
      "splashLine2": "25%",
      "price": "674,-",
      "desc": "1625150620 · Skind · Herrestr",
      "descAlt": "Normalpris 899,-",
      "href": "http://google.dk"
    },
    {
      "id": "p20",
      "name": "1625150790",
      "categories": ["men"],
      "img": "http://temp.noerd.com/skoringen/products/1625150790_1_V.png",
      "thumbImg": "http://temp.noerd.com/skoringen/thumbs/1625150790_1_V.jpg",
      "logoImg": "http://temp.noerd.com/skoringen/logos/bjorn-borg.png",
      "splashLine1": "Spar",
      "splashLine2": "25%",
      "price": "674,-",
      "desc": "1625150790 · Skind · Herrestr",
      "descAlt": "Normalpris 899,-",
      "href": "http://google.dk"
    },
    {
      "id": "p27",
      "name": "1625101132",
      "categories": ["men"],
      "img": "http://temp.noerd.com/skoringen/products/1625101132_1_V.png",
      "thumbImg": "http://temp.noerd.com/skoringen/thumbs/1625101132_1_V.jpg",
      "logoImg": "http://temp.noerd.com/skoringen/logos/odiin.png",
      "splashLine1": "Spar",
      "splashLine2": "40%",
      "price": "299,-",
      "desc": "1625101132 · Herrestr",
      "descAlt": "Normalpris 499,-",
      "href": "http://google.dk"
    },
    {
      "id": "p30",
      "name": "1635101720",
      "categories": ["men"],
      "img": "http://temp.noerd.com/skoringen/products/1635101720_1_V.png",
      "thumbImg": "http://temp.noerd.com/skoringen/thumbs/1635101720_1_V.jpg",
      "logoImg": "http://temp.noerd.com/skoringen/logos/odiin.png",
      "splashLine1": "Spar",
      "splashLine2": "40%",
      "price": "359,-",
      "desc": "1635101720 · Ruskind · Herrestr",
      "descAlt": "Normalpris 599,-",
      "href": "http://google.dk"
    },
    {
      "id": "p31",
      "name": "7645150510",
      "categories": ["men"],
      "img": "http://temp.noerd.com/skoringen/products/7645150510_1_V.png",
      "thumbImg": "http://temp.noerd.com/skoringen/thumbs/7645150510_1_V.jpg",
      "logoImg": "http://temp.noerd.com/skoringen/logos/puma.png",
      "splashLine1": "Spar",
      "splashLine2": "25%",
      "price": "374,-",
      "desc": "7645150510 · Herrestr",
      "descAlt": "Normalpris 499,-",
      "href": "http://google.dk"
    },




    {
      "id": "p25",
      "name": "7415101310",
      "categories": ["women", "men"],
      "img": "http://temp.noerd.com/skoringen/products/7415101310_1_V.png",
      "thumbImg": "http://temp.noerd.com/skoringen/thumbs/7415101310_1_V.jpg",
      "logoImg": "http://temp.noerd.com/skoringen/logos/cult.png",
      "splashLine1": "Spar",
      "splashLine2": "50%",
      "price": "199,-",
      "desc": "7415101310 · Unisex",
      "descAlt": "Normalpris 399,-",
      "href": "http://google.dk"
    },
    {
      "id": "p29",
      "name": "7645100510",
      "categories": ["women", "men"],
      "img": "http://temp.noerd.com/skoringen/products/7645100510_1_V.png",
      "thumbImg": "http://temp.noerd.com/skoringen/thumbs/7645100510_1_V.jpg",
      "logoImg": "http://temp.noerd.com/skoringen/logos/cult.png",
      "splashLine1": "Spar",
      "splashLine2": "35%",
      "price": "259,-",
      "desc": "7645100510 · Unisex",
      "descAlt": "Normalpris 399,-",
      "href": "http://google.dk"
    }
  ]
}
